{
  "minecraft:recipes/decorations/crafting_table": {
    "criteria": {
      "unlock_right_away": "2024-06-22 22:08:44 -0400"
    },
    "done": true
  },
  "betterdungeons:root": {
    "criteria": {
      "always": "2024-06-22 22:08:44 -0400"
    },
    "done": true
  },
  "create:root": {
    "criteria": {
      "0": "2024-06-22 22:10:12 -0400"
    },
    "done": true
  },
  "create:recipes/misc/crafting/schematics/schematicannon": {
    "criteria": {
      "has_item": "2024-06-22 22:10:12 -0400"
    },
    "done": true
  },
  "create:recipes/misc/crafting/schematics/schematic_table": {
    "criteria": {
      "has_item": "2024-06-22 22:10:12 -0400"
    },
    "done": true
  },
  "farmersdelight:main/root": {
    "criteria": {
      "seeds": "2024-06-22 22:10:12 -0400"
    },
    "done": true
  },
  "create:wrench_goggles": {
    "criteria": {
      "0": "2024-06-22 22:10:36 -0400",
      "1": "2024-06-22 22:10:20 -0400"
    },
    "done": true
  },
  "create:recipes/building_blocks/cut_veridium_brick_slab_from_stone_types_veridium_stonecutting": {
    "criteria": {
      "has_stone_types_veridium": "2024-06-22 22:14:41 -0400"
    },
    "done": true
  },
  "create:recipes/building_blocks/polished_cut_veridium_from_stone_types_veridium_stonecutting": {
    "criteria": {
      "has_stone_types_veridium": "2024-06-22 22:14:41 -0400"
    },
    "done": true
  },
  "create:recipes/building_blocks/polished_cut_veridium_slab": {
    "criteria": {
      "has_polished_cut_veridium": "2024-06-22 22:14:41 -0400"
    },
    "done": true
  },
  "create:recipes/building_blocks/cut_veridium_brick_wall_from_stone_types_veridium_stonecutting": {
    "criteria": {
      "has_stone_types_veridium": "2024-06-22 22:14:41 -0400"
    },
    "done": true
  },
  "create:recipes/building_blocks/cut_veridium_wall_from_stone_types_veridium_stonecutting": {
    "criteria": {
      "has_stone_types_veridium": "2024-06-22 22:14:41 -0400"
    },
    "done": true
  },
  "create:recipes/building_blocks/cut_veridium_stairs_from_stone_types_veridium_stonecutting": {
    "criteria": {
      "has_stone_types_veridium": "2024-06-22 22:14:41 -0400"
    },
    "done": true
  },
  "create:recipes/building_blocks/small_veridium_brick_wall_from_stone_types_veridium_stonecutting": {
    "criteria": {
      "has_stone_types_veridium": "2024-06-22 22:14:41 -0400"
    },
    "done": true
  },
  "create:recipes/building_blocks/cut_veridium_brick_stairs_from_stone_types_veridium_stonecutting": {
    "criteria": {
      "has_stone_types_veridium": "2024-06-22 22:14:41 -0400"
    },
    "done": true
  },
  "create:recipes/building_blocks/polished_cut_veridium_stairs_from_stone_types_veridium_stonecutting": {
    "criteria": {
      "has_stone_types_veridium": "2024-06-22 22:14:41 -0400"
    },
    "done": true
  },
  "create:recipes/building_blocks/cut_veridium_from_stone_types_veridium_stonecutting": {
    "criteria": {
      "has_stone_types_veridium": "2024-06-22 22:14:41 -0400"
    },
    "done": true
  },
  "create:recipes/building_blocks/polished_cut_veridium_stairs": {
    "criteria": {
      "has_polished_cut_veridium": "2024-06-22 22:14:41 -0400"
    },
    "done": true
  },
  "create:recipes/building_blocks/veridium_pillar_from_stone_types_veridium_stonecutting": {
    "criteria": {
      "has_stone_types_veridium": "2024-06-22 22:14:41 -0400"
    },
    "done": true
  },
  "create:recipes/building_blocks/cut_veridium_bricks_from_stone_types_veridium_stonecutting": {
    "criteria": {
      "has_stone_types_veridium": "2024-06-22 22:14:41 -0400"
    },
    "done": true
  },
  "create:recipes/building_blocks/polished_cut_veridium_wall_from_stone_types_veridium_stonecutting": {
    "criteria": {
      "has_stone_types_veridium": "2024-06-22 22:14:41 -0400"
    },
    "done": true
  },
  "create:recipes/building_blocks/veridium_from_stone_types_veridium_stonecutting": {
    "criteria": {
      "has_stone_types_veridium": "2024-06-22 22:14:41 -0400"
    },
    "done": true
  },
  "create:recipes/building_blocks/small_veridium_bricks_from_stone_types_veridium_stonecutting": {
    "criteria": {
      "has_stone_types_veridium": "2024-06-22 22:14:41 -0400"
    },
    "done": true
  },
  "create:recipes/building_blocks/small_veridium_brick_stairs_from_stone_types_veridium_stonecutting": {
    "criteria": {
      "has_stone_types_veridium": "2024-06-22 22:14:41 -0400"
    },
    "done": true
  },
  "create:recipes/building_blocks/polished_cut_veridium_slab_from_stone_types_veridium_stonecutting": {
    "criteria": {
      "has_stone_types_veridium": "2024-06-22 22:14:41 -0400"
    },
    "done": true
  },
  "create:recipes/building_blocks/cut_veridium_slab_from_stone_types_veridium_stonecutting": {
    "criteria": {
      "has_stone_types_veridium": "2024-06-22 22:14:41 -0400"
    },
    "done": true
  },
  "create:recipes/building_blocks/polished_cut_veridium_wall": {
    "criteria": {
      "has_polished_cut_veridium": "2024-06-22 22:14:41 -0400"
    },
    "done": true
  },
  "create:recipes/building_blocks/small_veridium_brick_slab_from_stone_types_veridium_stonecutting": {
    "criteria": {
      "has_stone_types_veridium": "2024-06-22 22:14:41 -0400"
    },
    "done": true
  },
  "create:recipes/building_blocks/layered_veridium_from_stone_types_veridium_stonecutting": {
    "criteria": {
      "has_stone_types_veridium": "2024-06-22 22:14:41 -0400"
    },
    "done": true
  },
  "minecraft:recipes/decorations/green_stained_glass_pane": {
    "criteria": {
      "has_glass": "2024-06-22 22:15:15 -0400"
    },
    "done": true
  },
  "sophisticatedstorage:recipes/misc/copper_to_iron_tier_upgrade": {
    "criteria": {
      "has_redstone_torch": "2024-06-22 22:15:49 -0400"
    },
    "done": true
  },
  "sophisticatedstorage:recipes/misc/basic_to_copper_tier_upgrade": {
    "criteria": {
      "has_redstone_torch": "2024-06-22 22:15:49 -0400"
    },
    "done": true
  },
  "minecraft:recipes/redstone/repeater": {
    "criteria": {
      "has_redstone_torch": "2024-06-22 22:15:49 -0400"
    },
    "done": true
  },
  "sophisticatedstorage:recipes/misc/basic_tier_upgrade": {
    "criteria": {
      "has_redstone_torch": "2024-06-22 22:15:49 -0400"
    },
    "done": true
  },
  "sophisticatedstorage:recipes/misc/iron_to_gold_tier_upgrade": {
    "criteria": {
      "has_redstone_torch": "2024-06-22 22:15:49 -0400"
    },
    "done": true
  },
  "sophisticatedstorage:recipes/misc/gold_to_diamond_tier_upgrade": {
    "criteria": {
      "has_redstone_torch": "2024-06-22 22:15:49 -0400"
    },
    "done": true
  },
  "sophisticatedstorage:recipes/misc/storage_tool": {
    "criteria": {
      "has_redstone_torch": "2024-06-22 22:15:49 -0400"
    },
    "done": true
  },
  "sophisticatedstorage:recipes/misc/basic_to_iron_tier_upgrade": {
    "criteria": {
      "has_redstone_torch": "2024-06-22 22:15:49 -0400"
    },
    "done": true
  },
  "sophisticatedstorage:recipes/misc/diamond_to_netherite_tier_upgrade": {
    "criteria": {
      "has_redstone_torch": "2024-06-22 22:15:49 -0400"
    },
    "done": true
  },
  "minecraft:recipes/decorations/chest": {
    "criteria": {
      "has_lots_of_items": "2024-06-22 22:15:52 -0400"
    },
    "done": true
  },
  "createbigcannons:recipes/misc/drop_mortar_shell": {
    "criteria": {
      "has_tnt": "2024-06-22 22:15:52 -0400"
    },
    "done": true
  },
  "createdeco:recipes/decorations/pink_shipping_container_from_dyeing_vaults": {
    "criteria": {
      "has_item": "2024-06-22 22:19:00 -0400"
    },
    "done": true
  },
  "createdeco:recipes/decorations/red_shipping_container_from_dyeing_vaults": {
    "criteria": {
      "has_item": "2024-06-22 22:19:00 -0400"
    },
    "done": true
  },
  "createdeco:recipes/decorations/magenta_shipping_container_from_dyeing_vaults": {
    "criteria": {
      "has_item": "2024-06-22 22:19:00 -0400"
    },
    "done": true
  },
  "createdeco:recipes/decorations/light_blue_shipping_container_from_dyeing_vaults": {
    "criteria": {
      "has_item": "2024-06-22 22:19:00 -0400"
    },
    "done": true
  },
  "createdeco:recipes/decorations/blue_shipping_container_from_dyeing_vaults": {
    "criteria": {
      "has_item": "2024-06-22 22:19:00 -0400"
    },
    "done": true
  },
  "createdeco:recipes/decorations/yellow_shipping_container_from_dyeing_vaults": {
    "criteria": {
      "has_item": "2024-06-22 22:19:00 -0400"
    },
    "done": true
  },
  "createdeco:recipes/decorations/orange_shipping_container_from_dyeing_vaults": {
    "criteria": {
      "has_item": "2024-06-22 22:19:00 -0400"
    },
    "done": true
  },
  "createdeco:recipes/decorations/purple_shipping_container_from_dyeing_vaults": {
    "criteria": {
      "has_item": "2024-06-22 22:19:00 -0400"
    },
    "done": true
  },
  "createdeco:recipes/decorations/white_shipping_container_from_dyeing_vaults": {
    "criteria": {
      "has_item": "2024-06-22 22:19:00 -0400"
    },
    "done": true
  },
  "createdeco:recipes/decorations/gray_shipping_container_from_dyeing_vaults": {
    "criteria": {
      "has_item": "2024-06-22 22:19:00 -0400"
    },
    "done": true
  },
  "createdeco:recipes/decorations/cyan_shipping_container_from_dyeing_vaults": {
    "criteria": {
      "has_item": "2024-06-22 22:19:00 -0400"
    },
    "done": true
  },
  "createdeco:recipes/decorations/light_gray_shipping_container_from_dyeing_vaults": {
    "criteria": {
      "has_item": "2024-06-22 22:19:00 -0400"
    },
    "done": true
  },
  "createdeco:recipes/decorations/black_shipping_container_from_dyeing_vaults": {
    "criteria": {
      "has_item": "2024-06-22 22:19:00 -0400"
    },
    "done": true
  },
  "createdeco:recipes/decorations/green_shipping_container_from_dyeing_vaults": {
    "criteria": {
      "has_item": "2024-06-22 22:19:00 -0400"
    },
    "done": true
  },
  "createdeco:recipes/decorations/brown_shipping_container_from_dyeing_vaults": {
    "criteria": {
      "has_item": "2024-06-22 22:19:00 -0400"
    },
    "done": true
  },
  "createdeco:recipes/decorations/lime_shipping_container_from_dyeing_vaults": {
    "criteria": {
      "has_item": "2024-06-22 22:19:00 -0400"
    },
    "done": true
  },
  "create:glass_pipe": {
    "criteria": {
      "0": "2024-06-22 22:22:02 -0400"
    },
    "done": true
  },
  "railways:recipes/misc/crafting/fuel_tank": {
    "criteria": {
      "has_item": "2024-06-22 22:22:14 -0400"
    },
    "done": true
  },
  "create:recipes/misc/crafting/appliances/linked_controller": {
    "criteria": {
      "has_item": "2024-06-22 22:25:28 -0400"
    },
    "done": true
  },
  "minecraft:recipes/building_blocks/diorite": {
    "criteria": {
      "has_quartz": "2024-06-22 22:25:45 -0400"
    },
    "done": true
  },
  "minecraft:recipes/building_blocks/granite": {
    "criteria": {
      "has_quartz": "2024-06-22 22:25:45 -0400"
    },
    "done": true
  },
  "minecraft:recipes/building_blocks/quartz_block": {
    "criteria": {
      "has_quartz": "2024-06-22 22:25:45 -0400"
    },
    "done": true
  },
  "minecraft:recipes/redstone/comparator": {
    "criteria": {
      "has_quartz": "2024-06-22 22:25:45 -0400"
    },
    "done": true
  },
  "minecraft:recipes/redstone/daylight_detector": {
    "criteria": {
      "has_quartz": "2024-06-22 22:25:45 -0400"
    },
    "done": true
  },
  "minecraft:recipes/redstone/observer": {
    "criteria": {
      "has_quartz": "2024-06-22 22:25:45 -0400"
    },
    "done": true
  },
  "createbigcannons:recipes/misc/proximity_fuze": {
    "criteria": {
      "has_quartz": "2024-06-22 22:25:45 -0400"
    },
    "done": true
  },
  "minecolonies:recipes/misc/supplycampdeployer": {
    "criteria": {
      "has_chest": "2024-06-22 22:33:47 -0400"
    },
    "done": true
  },
  "sophisticatedstorage:recipes/misc/oak_chest_from_vanilla_chest": {
    "criteria": {
      "has_vanilla_chest": "2024-06-22 22:33:47 -0400"
    },
    "done": true
  },
  "sophisticatedstorage:recipes/misc/storage_output": {
    "criteria": {
      "has_base_tier_wooden_storage": "2024-06-22 22:45:44 -0400"
    },
    "done": true
  },
  "sophisticatedstorage:recipes/misc/controller": {
    "criteria": {
      "has_base_tier_wooden_storage": "2024-06-22 22:45:44 -0400"
    },
    "done": true
  },
  "sophisticatedstorage:recipes/misc/storage_input": {
    "criteria": {
      "has_base_tier_wooden_storage": "2024-06-22 22:45:44 -0400"
    },
    "done": true
  },
  "sophisticatedstorage:recipes/misc/copper_barrel": {
    "criteria": {
      "has_barrel": "2024-06-22 22:45:44 -0400"
    },
    "done": true
  },
  "sophisticatedstorage:recipes/misc/storage_io": {
    "criteria": {
      "has_base_tier_wooden_storage": "2024-06-22 22:45:44 -0400"
    },
    "done": true
  },
  "sophisticatedstorage:recipes/misc/iron_barrel": {
    "criteria": {
      "has_barrel": "2024-06-22 22:45:44 -0400"
    },
    "done": true
  },
  "sophisticatedstorage:recipes/misc/limited_copper_barrel_1": {
    "criteria": {
      "has_limited_barrel_1": "2024-06-22 22:46:06 -0400"
    },
    "done": true
  },
  "sophisticatedstorage:recipes/misc/limited_iron_barrel_1": {
    "criteria": {
      "has_limited_barrel_1": "2024-06-22 22:46:06 -0400"
    },
    "done": true
  },
  "constructionwand:recipes/tools/stone_wand": {
    "criteria": {
      "has_item": "2024-06-22 22:57:06 -0400"
    },
    "done": true
  },
  "minecraft:story/mine_stone": {
    "criteria": {
      "get_stone": "2024-06-22 22:57:06 -0400"
    },
    "done": true
  },
  "minecraft:recipes/decorations/furnace": {
    "criteria": {
      "has_cobblestone": "2024-06-22 22:57:06 -0400"
    },
    "done": true
  },
  "minecraft:recipes/building_blocks/cobblestone_slab_from_cobblestone_stonecutting": {
    "criteria": {
      "has_cobblestone": "2024-06-22 22:57:06 -0400"
    },
    "done": true
  },
  "minecraft:recipes/building_blocks/stone": {
    "criteria": {
      "has_cobblestone": "2024-06-22 22:57:06 -0400"
    },
    "done": true
  },
  "minecraft:recipes/tools/stone_pickaxe": {
    "criteria": {
      "has_cobblestone": "2024-06-22 22:57:06 -0400"
    },
    "done": true
  },
  "domum_ornamentum:recipes/tools/cobblestone_extra": {
    "criteria": {
      "has_material": "2024-06-22 22:57:06 -0400"
    },
    "done": true
  },
  "minecraft:recipes/building_blocks/cobblestone_slab": {
    "criteria": {
      "has_cobblestone": "2024-06-22 22:57:06 -0400"
    },
    "done": true
  },
  "minecraft:recipes/decorations/cobblestone_wall_from_cobblestone_stonecutting": {
    "criteria": {
      "has_cobblestone": "2024-06-22 22:57:06 -0400"
    },
    "done": true
  },
  "minecraft:recipes/building_blocks/cobblestone_stairs": {
    "criteria": {
      "has_cobblestone": "2024-06-22 22:57:06 -0400"
    },
    "done": true
  },
  "minecraft:recipes/tools/stone_shovel": {
    "criteria": {
      "has_cobblestone": "2024-06-22 22:57:06 -0400"
    },
    "done": true
  },
  "minecraft:recipes/redstone/lever": {
    "criteria": {
      "has_cobblestone": "2024-06-22 22:57:06 -0400"
    },
    "done": true
  },
  "domum_ornamentum:recipes/tools/blue_cobblestone_extra": {
    "criteria": {
      "has_material": "2024-06-22 22:57:06 -0400"
    },
    "done": true
  },
  "minecraft:recipes/combat/stone_sword": {
    "criteria": {
      "has_cobblestone": "2024-06-22 22:57:06 -0400"
    },
    "done": true
  },
  "minecraft:recipes/decorations/cobblestone_wall": {
    "criteria": {
      "has_cobblestone": "2024-06-22 22:57:06 -0400"
    },
    "done": true
  },
  "minecraft:recipes/tools/stone_axe": {
    "criteria": {
      "has_cobblestone": "2024-06-22 22:57:06 -0400"
    },
    "done": true
  },
  "domum_ornamentum:recipes/tools/green_cobblestone_extra": {
    "criteria": {
      "has_material": "2024-06-22 22:57:06 -0400"
    },
    "done": true
  },
  "minecraft:recipes/building_blocks/cobblestone_stairs_from_cobblestone_stonecutting": {
    "criteria": {
      "has_cobblestone": "2024-06-22 22:57:06 -0400"
    },
    "done": true
  },
  "minecraft:recipes/tools/stone_hoe": {
    "criteria": {
      "has_cobblestone": "2024-06-22 22:57:06 -0400"
    },
    "done": true
  },
  "domum_ornamentum:recipes/tools/purple_cobblestone_extra": {
    "criteria": {
      "has_material": "2024-06-22 22:57:06 -0400"
    },
    "done": true
  },
  "create:recipes/building_blocks/polished_cut_veridium_slab_recycling": {
    "criteria": {
      "has_polished_cut_veridium_slab": "2024-06-22 22:59:57 -0400"
    },
    "done": true
  },
  "minecraft:recipes/building_blocks/red_concrete_powder": {
    "criteria": {
      "has_gravel": "2024-06-22 23:00:20 -0400"
    },
    "done": true
  },
  "minecraft:recipes/building_blocks/green_concrete_powder": {
    "criteria": {
      "has_gravel": "2024-06-22 23:00:20 -0400"
    },
    "done": true
  },
  "minecraft:recipes/building_blocks/blue_concrete_powder": {
    "criteria": {
      "has_gravel": "2024-06-22 23:00:20 -0400"
    },
    "done": true
  },
  "domum_ornamentum:recipes/tools/beige_stone_bricks": {
    "criteria": {
      "has_item1_domum_ornamentum_beige_stone_bricks": "2024-06-22 23:00:20 -0400",
      "has_item2_domum_ornamentum_beige_stone_bricks": "2024-06-22 23:00:20 -0400"
    },
    "done": true
  },
  "minecraft:recipes/building_blocks/lime_concrete_powder": {
    "criteria": {
      "has_gravel": "2024-06-22 23:00:20 -0400"
    },
    "done": true
  },
  "minecraft:recipes/building_blocks/orange_concrete_powder": {
    "criteria": {
      "has_gravel": "2024-06-22 23:00:20 -0400"
    },
    "done": true
  },
  "minecraft:recipes/building_blocks/magenta_concrete_powder": {
    "criteria": {
      "has_gravel": "2024-06-22 23:00:20 -0400"
    },
    "done": true
  },
  "minecraft:recipes/building_blocks/black_concrete_powder": {
    "criteria": {
      "has_gravel": "2024-06-22 23:00:20 -0400"
    },
    "done": true
  },
  "minecraft:recipes/building_blocks/purple_concrete_powder": {
    "criteria": {
      "has_gravel": "2024-06-22 23:00:20 -0400"
    },
    "done": true
  },
  "minecraft:recipes/building_blocks/cyan_concrete_powder": {
    "criteria": {
      "has_gravel": "2024-06-22 23:00:20 -0400"
    },
    "done": true
  },
  "minecraft:recipes/building_blocks/coarse_dirt": {
    "criteria": {
      "has_gravel": "2024-06-22 23:00:20 -0400"
    },
    "done": true
  },
  "minecraft:recipes/building_blocks/light_gray_concrete_powder": {
    "criteria": {
      "has_gravel": "2024-06-22 23:00:20 -0400"
    },
    "done": true
  },
  "minecraft:recipes/building_blocks/pink_concrete_powder": {
    "criteria": {
      "has_gravel": "2024-06-22 23:00:20 -0400"
    },
    "done": true
  },
  "minecraft:recipes/building_blocks/brown_concrete_powder": {
    "criteria": {
      "has_gravel": "2024-06-22 23:00:20 -0400"
    },
    "done": true
  },
  "minecraft:recipes/building_blocks/light_blue_concrete_powder": {
    "criteria": {
      "has_gravel": "2024-06-22 23:00:20 -0400"
    },
    "done": true
  },
  "minecraft:recipes/building_blocks/white_concrete_powder": {
    "criteria": {
      "has_gravel": "2024-06-22 23:00:20 -0400"
    },
    "done": true
  },
  "domum_ornamentum:recipes/tools/beige_bricks": {
    "criteria": {
      "has_item1_domum_ornamentum_beige_bricks": "2024-06-22 23:00:20 -0400",
      "has_item2_domum_ornamentum_beige_bricks": "2024-06-22 23:00:20 -0400"
    },
    "done": true
  },
  "minecraft:recipes/building_blocks/yellow_concrete_powder": {
    "criteria": {
      "has_gravel": "2024-06-22 23:00:20 -0400"
    },
    "done": true
  },
  "minecraft:recipes/building_blocks/gray_concrete_powder": {
    "criteria": {
      "has_gravel": "2024-06-22 23:00:20 -0400"
    },
    "done": true
  },
  "createbigcannons:recipes/misc/casting_sand": {
    "criteria": {
      "has_sand": "2024-06-22 23:00:23 -0400"
    },
    "done": true
  },
  "domum_ornamentum:recipes/tools/sand_stone_bricks": {
    "criteria": {
      "has_item1_domum_ornamentum_sand_stone_bricks": "2024-06-22 23:00:23 -0400",
      "has_item2_domum_ornamentum_sand_stone_bricks": "2024-06-22 23:00:23 -0400"
    },
    "done": true
  },
  "minecraft:recipes/building_blocks/glass": {
    "criteria": {
      "has_smelts_to_glass": "2024-06-22 23:00:23 -0400"
    },
    "done": true
  },
  "minecraft:recipes/building_blocks/sandstone": {
    "criteria": {
      "has_sand": "2024-06-22 23:00:23 -0400"
    },
    "done": true
  },
  "domum_ornamentum:recipes/tools/sand_bricks": {
    "criteria": {
      "has_item2_domum_ornamentum_sand_bricks": "2024-06-22 23:00:23 -0400",
      "has_item1_domum_ornamentum_sand_bricks": "2024-06-22 23:00:23 -0400"
    },
    "done": true
  },
  "minecraft:recipes/building_blocks/clay": {
    "criteria": {
      "has_clay_ball": "2024-06-22 23:00:38 -0400"
    },
    "done": true
  },
  "minecraft:recipes/misc/brick": {
    "criteria": {
      "has_clay_ball": "2024-06-22 23:00:38 -0400"
    },
    "done": true
  },
  "minecraft:recipes/brewing/cauldron": {
    "criteria": {
      "has_water_bucket": "2024-06-22 23:04:27 -0400"
    },
    "done": true
  },
  "minecraft:recipes/decorations/soul_torch": {
    "criteria": {
      "has_soul_sand": "2024-06-22 23:05:59 -0400"
    },
    "done": true
  },
  "create:recipes/misc/smelting/scoria": {
    "criteria": {
      "has_item": "2024-06-22 23:05:59 -0400"
    },
    "done": true
  },
  "minecraft:recipes/decorations/soul_campfire": {
    "criteria": {
      "has_soul_sand": "2024-06-22 23:05:59 -0400"
    },
    "done": true
  },
  "minecraft:recipes/building_blocks/polished_diorite": {
    "criteria": {
      "has_diorite": "2024-06-22 23:07:18 -0400"
    },
    "done": true
  },
  "create:recipes/building_blocks/cut_diorite_slab_from_stone_types_diorite_stonecutting": {
    "criteria": {
      "has_stone_types_diorite": "2024-06-22 23:07:18 -0400"
    },
    "done": true
  },
  "create:recipes/building_blocks/cut_diorite_brick_slab_from_stone_types_diorite_stonecutting": {
    "criteria": {
      "has_stone_types_diorite": "2024-06-22 23:07:18 -0400"
    },
    "done": true
  },
  "create:recipes/building_blocks/small_diorite_brick_slab_from_stone_types_diorite_stonecutting": {
    "criteria": {
      "has_stone_types_diorite": "2024-06-22 23:07:18 -0400"
    },
    "done": true
  },
  "minecraft:recipes/building_blocks/polished_diorite_stairs_from_diorite_stonecutting": {
    "criteria": {
      "has_diorite": "2024-06-22 23:07:18 -0400"
    },
    "done": true
  },
  "createbigcannons:recipes/misc/mortar_stone": {
    "criteria": {
      "has_stone": "2024-06-22 23:07:18 -0400"
    },
    "done": true
  },
  "minecraft:recipes/building_blocks/diorite_stairs_from_diorite_stonecutting": {
    "criteria": {
      "has_diorite": "2024-06-22 23:07:18 -0400"
    },
    "done": true
  },
  "minecraft:recipes/building_blocks/andesite": {
    "criteria": {
      "has_stone": "2024-06-22 23:07:18 -0400"
    },
    "done": true
  },
  "create:recipes/building_blocks/diorite_from_stone_types_diorite_stonecutting": {
    "criteria": {
      "has_stone_types_diorite": "2024-06-22 23:07:18 -0400"
    },
    "done": true
  },
  "create:recipes/building_blocks/cut_diorite_brick_wall_from_stone_types_diorite_stonecutting": {
    "criteria": {
      "has_stone_types_diorite": "2024-06-22 23:07:18 -0400"
    },
    "done": true
  },
  "create:recipes/building_blocks/cut_diorite_brick_stairs_from_stone_types_diorite_stonecutting": {
    "criteria": {
      "has_stone_types_diorite": "2024-06-22 23:07:18 -0400"
    },
    "done": true
  },
  "minecraft:recipes/building_blocks/polished_diorite_slab_from_diorite_stonecutting": {
    "criteria": {
      "has_diorite": "2024-06-22 23:07:18 -0400"
    },
    "done": true
  },
  "create:recipes/building_blocks/cut_diorite_from_stone_types_diorite_stonecutting": {
    "criteria": {
      "has_stone_types_diorite": "2024-06-22 23:07:18 -0400"
    },
    "done": true
  },
  "create:recipes/building_blocks/cut_diorite_stairs_from_stone_types_diorite_stonecutting": {
    "criteria": {
      "has_stone_types_diorite": "2024-06-22 23:07:18 -0400"
    },
    "done": true
  },
  "create:recipes/building_blocks/small_diorite_bricks_from_stone_types_diorite_stonecutting": {
    "criteria": {
      "has_stone_types_diorite": "2024-06-22 23:07:18 -0400"
    },
    "done": true
  },
  "create:recipes/building_blocks/layered_diorite_from_stone_types_diorite_stonecutting": {
    "criteria": {
      "has_stone_types_diorite": "2024-06-22 23:07:18 -0400"
    },
    "done": true
  },
  "create:recipes/building_blocks/cut_diorite_wall_from_stone_types_diorite_stonecutting": {
    "criteria": {
      "has_stone_types_diorite": "2024-06-22 23:07:18 -0400"
    },
    "done": true
  },
  "create:recipes/building_blocks/small_diorite_brick_wall_from_stone_types_diorite_stonecutting": {
    "criteria": {
      "has_stone_types_diorite": "2024-06-22 23:07:18 -0400"
    },
    "done": true
  },
  "minecraft:recipes/building_blocks/diorite_slab": {
    "criteria": {
      "has_diorite": "2024-06-22 23:07:18 -0400"
    },
    "done": true
  },
  "create:recipes/building_blocks/cut_diorite_bricks_from_stone_types_diorite_stonecutting": {
    "criteria": {
      "has_stone_types_diorite": "2024-06-22 23:07:18 -0400"
    },
    "done": true
  },
  "create:recipes/building_blocks/diorite_pillar_from_stone_types_diorite_stonecutting": {
    "criteria": {
      "has_stone_types_diorite": "2024-06-22 23:07:18 -0400"
    },
    "done": true
  },
  "minecraft:recipes/decorations/diorite_wall": {
    "criteria": {
      "has_diorite": "2024-06-22 23:07:18 -0400"
    },
    "done": true
  },
  "create:recipes/building_blocks/polished_cut_diorite_wall_from_stone_types_diorite_stonecutting": {
    "criteria": {
      "has_stone_types_diorite": "2024-06-22 23:07:18 -0400"
    },
    "done": true
  },
  "create:recipes/building_blocks/small_diorite_brick_stairs_from_stone_types_diorite_stonecutting": {
    "criteria": {
      "has_stone_types_diorite": "2024-06-22 23:07:18 -0400"
    },
    "done": true
  },
  "minecraft:recipes/decorations/diorite_wall_from_diorite_stonecutting": {
    "criteria": {
      "has_diorite": "2024-06-22 23:07:18 -0400"
    },
    "done": true
  },
  "create:recipes/building_blocks/polished_cut_diorite_stairs_from_stone_types_diorite_stonecutting": {
    "criteria": {
      "has_stone_types_diorite": "2024-06-22 23:07:18 -0400"
    },
    "done": true
  },
  "create:recipes/building_blocks/polished_cut_diorite_from_stone_types_diorite_stonecutting": {
    "criteria": {
      "has_stone_types_diorite": "2024-06-22 23:07:18 -0400"
    },
    "done": true
  },
  "create:recipes/building_blocks/polished_cut_diorite_slab_from_stone_types_diorite_stonecutting": {
    "criteria": {
      "has_stone_types_diorite": "2024-06-22 23:07:18 -0400"
    },
    "done": true
  },
  "minecraft:recipes/building_blocks/polished_diorite_from_diorite_stonecutting": {
    "criteria": {
      "has_diorite": "2024-06-22 23:07:18 -0400"
    },
    "done": true
  },
  "minecraft:recipes/building_blocks/diorite_slab_from_diorite_stonecutting": {
    "criteria": {
      "has_diorite": "2024-06-22 23:07:18 -0400"
    },
    "done": true
  },
  "minecraft:recipes/building_blocks/diorite_stairs": {
    "criteria": {
      "has_diorite": "2024-06-22 23:07:18 -0400"
    },
    "done": true
  },
  "create:funnel": {
    "criteria": {
      "0": "2024-06-22 23:08:28 -0400"
    },
    "done": true
  },
  "createbigcannons:recipes/misc/quickfiring_mechanism": {
    "criteria": {
      "has_lever": "2024-06-22 23:14:14 -0400"
    },
    "done": true
  },
  "create:display_link": {
    "criteria": {
      "0": "2024-06-22 23:25:06 -0400"
    },
    "done": true
  },
  "createbigcannons:recipes/misc/shot_balls": {
    "criteria": {
      "has_iron_nugget": "2024-06-22 23:27:33 -0400"
    },
    "done": true
  },
  "minecraft:recipes/decorations/lantern": {
    "criteria": {
      "has_iron_nugget": "2024-06-22 23:27:33 -0400"
    },
    "done": true
  },
  "create:recipes/building_blocks/ornate_iron_window": {
    "criteria": {
      "has_ingredient": "2024-06-22 23:27:33 -0400"
    },
    "done": true
  },
  "minecraft:recipes/misc/iron_ingot_from_nuggets": {
    "criteria": {
      "has_iron_nugget": "2024-06-22 23:27:33 -0400"
    },
    "done": true
  },
  "minecraft:recipes/decorations/chain": {
    "criteria": {
      "has_iron_nugget": "2024-06-22 23:27:33 -0400"
    },
    "done": true
  },
  "createbigcannons:recipes/misc/bag_of_grapeshot": {
    "criteria": {
      "has_iron_nugget": "2024-06-22 23:27:33 -0400"
    },
    "done": true
  },
  "minecraft:recipes/decorations/fletching_table": {
    "criteria": {
      "has_flint": "2024-06-22 23:29:17 -0400"
    },
    "done": true
  },
  "minecraft:recipes/combat/arrow": {
    "criteria": {
      "has_flint": "2024-06-22 23:29:17 -0400"
    },
    "done": true
  },
  "minecraft:recipes/tools/flint_and_steel": {
    "criteria": {
      "has_flint": "2024-06-22 23:29:17 -0400"
    },
    "done": true
  },
  "create:recipes/building_blocks/polished_cut_andesite_stairs_from_stone_types_andesite_stonecutting": {
    "criteria": {
      "has_stone_types_andesite": "2024-06-22 23:31:13 -0400"
    },
    "done": true
  },
  "create:recipes/building_blocks/cut_andesite_slab_from_stone_types_andesite_stonecutting": {
    "criteria": {
      "has_stone_types_andesite": "2024-06-22 23:31:13 -0400"
    },
    "done": true
  },
  "create:recipes/building_blocks/small_andesite_brick_slab_from_stone_types_andesite_stonecutting": {
    "criteria": {
      "has_stone_types_andesite": "2024-06-22 23:31:13 -0400"
    },
    "done": true
  },
  "minecraft:recipes/building_blocks/andesite_stairs": {
    "criteria": {
      "has_andesite": "2024-06-22 23:31:13 -0400"
    },
    "done": true
  },
  "create:recipes/building_blocks/small_andesite_brick_stairs_from_stone_types_andesite_stonecutting": {
    "criteria": {
      "has_stone_types_andesite": "2024-06-22 23:31:13 -0400"
    },
    "done": true
  },
  "create:recipes/building_blocks/cut_andesite_bricks_from_stone_types_andesite_stonecutting": {
    "criteria": {
      "has_stone_types_andesite": "2024-06-22 23:31:13 -0400"
    },
    "done": true
  },
  "create:recipes/building_blocks/small_andesite_bricks_from_stone_types_andesite_stonecutting": {
    "criteria": {
      "has_stone_types_andesite": "2024-06-22 23:31:13 -0400"
    },
    "done": true
  },
  "minecraft:recipes/building_blocks/polished_andesite_from_andesite_stonecutting": {
    "criteria": {
      "has_andesite": "2024-06-22 23:31:13 -0400"
    },
    "done": true
  },
  "create:recipes/building_blocks/polished_cut_andesite_from_stone_types_andesite_stonecutting": {
    "criteria": {
      "has_stone_types_andesite": "2024-06-22 23:31:13 -0400"
    },
    "done": true
  },
  "create:recipes/building_blocks/cut_andesite_wall_from_stone_types_andesite_stonecutting": {
    "criteria": {
      "has_stone_types_andesite": "2024-06-22 23:31:13 -0400"
    },
    "done": true
  },
  "create:recipes/building_blocks/small_andesite_brick_wall_from_stone_types_andesite_stonecutting": {
    "criteria": {
      "has_stone_types_andesite": "2024-06-22 23:31:13 -0400"
    },
    "done": true
  },
  "minecraft:recipes/building_blocks/polished_andesite_stairs_from_andesite_stonecutting": {
    "criteria": {
      "has_andesite": "2024-06-22 23:31:13 -0400"
    },
    "done": true
  },
  "create:recipes/building_blocks/cut_andesite_brick_slab_from_stone_types_andesite_stonecutting": {
    "criteria": {
      "has_stone_types_andesite": "2024-06-22 23:31:13 -0400"
    },
    "done": true
  },
  "create:recipes/building_blocks/layered_andesite_from_stone_types_andesite_stonecutting": {
    "criteria": {
      "has_stone_types_andesite": "2024-06-22 23:31:13 -0400"
    },
    "done": true
  },
  "minecraft:recipes/decorations/andesite_wall_from_andesite_stonecutting": {
    "criteria": {
      "has_andesite": "2024-06-22 23:31:13 -0400"
    },
    "done": true
  },
  "create:recipes/building_blocks/andesite_from_stone_types_andesite_stonecutting": {
    "criteria": {
      "has_stone_types_andesite": "2024-06-22 23:31:13 -0400"
    },
    "done": true
  },
  "create:recipes/building_blocks/cut_andesite_from_stone_types_andesite_stonecutting": {
    "criteria": {
      "has_stone_types_andesite": "2024-06-22 23:31:13 -0400"
    },
    "done": true
  },
  "minecraft:recipes/building_blocks/polished_andesite_slab_from_andesite_stonecutting": {
    "criteria": {
      "has_andesite": "2024-06-22 23:31:13 -0400"
    },
    "done": true
  },
  "minecraft:recipes/building_blocks/andesite_slab_from_andesite_stonecutting": {
    "criteria": {
      "has_andesite": "2024-06-22 23:31:13 -0400"
    },
    "done": true
  },
  "create:recipes/building_blocks/polished_cut_andesite_slab_from_stone_types_andesite_stonecutting": {
    "criteria": {
      "has_stone_types_andesite": "2024-06-22 23:31:13 -0400"
    },
    "done": true
  },
  "minecraft:recipes/building_blocks/andesite_stairs_from_andesite_stonecutting": {
    "criteria": {
      "has_andesite": "2024-06-22 23:31:13 -0400"
    },
    "done": true
  },
  "create:recipes/building_blocks/cut_andesite_brick_wall_from_stone_types_andesite_stonecutting": {
    "criteria": {
      "has_stone_types_andesite": "2024-06-22 23:31:13 -0400"
    },
    "done": true
  },
  "create:recipes/building_blocks/andesite_pillar_from_stone_types_andesite_stonecutting": {
    "criteria": {
      "has_stone_types_andesite": "2024-06-22 23:31:13 -0400"
    },
    "done": true
  },
  "create:recipes/building_blocks/cut_andesite_stairs_from_stone_types_andesite_stonecutting": {
    "criteria": {
      "has_stone_types_andesite": "2024-06-22 23:31:13 -0400"
    },
    "done": true
  },
  "create:recipes/building_blocks/polished_cut_andesite_wall_from_stone_types_andesite_stonecutting": {
    "criteria": {
      "has_stone_types_andesite": "2024-06-22 23:31:13 -0400"
    },
    "done": true
  },
  "create:recipes/building_blocks/cut_andesite_brick_stairs_from_stone_types_andesite_stonecutting": {
    "criteria": {
      "has_stone_types_andesite": "2024-06-22 23:31:13 -0400"
    },
    "done": true
  },
  "minecraft:recipes/building_blocks/polished_andesite": {
    "criteria": {
      "has_andesite": "2024-06-22 23:31:13 -0400"
    },
    "done": true
  },
  "minecraft:recipes/decorations/andesite_wall": {
    "criteria": {
      "has_andesite": "2024-06-22 23:31:13 -0400"
    },
    "done": true
  },
  "minecraft:recipes/building_blocks/andesite_slab": {
    "criteria": {
      "has_andesite": "2024-06-22 23:31:13 -0400"
    },
    "done": true
  },
  "create:recipes/building_blocks/granite_from_stone_types_granite_stonecutting": {
    "criteria": {
      "has_stone_types_granite": "2024-06-22 23:31:22 -0400"
    },
    "done": true
  },
  "create:recipes/building_blocks/cut_granite_brick_slab_from_stone_types_granite_stonecutting": {
    "criteria": {
      "has_stone_types_granite": "2024-06-22 23:31:22 -0400"
    },
    "done": true
  },
  "minecraft:recipes/building_blocks/granite_slab_from_granite_stonecutting": {
    "criteria": {
      "has_granite": "2024-06-22 23:31:22 -0400"
    },
    "done": true
  },
  "create:recipes/building_blocks/cut_granite_slab_from_stone_types_granite_stonecutting": {
    "criteria": {
      "has_stone_types_granite": "2024-06-22 23:31:22 -0400"
    },
    "done": true
  },
  "minecraft:recipes/decorations/granite_wall_from_granite_stonecutting": {
    "criteria": {
      "has_granite": "2024-06-22 23:31:22 -0400"
    },
    "done": true
  },
  "create:recipes/building_blocks/small_granite_brick_stairs_from_stone_types_granite_stonecutting": {
    "criteria": {
      "has_stone_types_granite": "2024-06-22 23:31:22 -0400"
    },
    "done": true
  },
  "minecraft:recipes/building_blocks/polished_granite_from_granite_stonecutting": {
    "criteria": {
      "has_granite": "2024-06-22 23:31:22 -0400"
    },
    "done": true
  },
  "minecraft:recipes/building_blocks/granite_slab": {
    "criteria": {
      "has_granite": "2024-06-22 23:31:22 -0400"
    },
    "done": true
  },
  "create:recipes/building_blocks/cut_granite_from_stone_types_granite_stonecutting": {
    "criteria": {
      "has_stone_types_granite": "2024-06-22 23:31:22 -0400"
    },
    "done": true
  },
  "create:recipes/building_blocks/cut_granite_brick_stairs_from_stone_types_granite_stonecutting": {
    "criteria": {
      "has_stone_types_granite": "2024-06-22 23:31:22 -0400"
    },
    "done": true
  },
  "create:recipes/building_blocks/polished_cut_granite_from_stone_types_granite_stonecutting": {
    "criteria": {
      "has_stone_types_granite": "2024-06-22 23:31:22 -0400"
    },
    "done": true
  },
  "minecraft:recipes/building_blocks/granite_stairs": {
    "criteria": {
      "has_granite": "2024-06-22 23:31:22 -0400"
    },
    "done": true
  },
  "minecraft:recipes/building_blocks/granite_stairs_from_granite_stonecutting": {
    "criteria": {
      "has_granite": "2024-06-22 23:31:22 -0400"
    },
    "done": true
  },
  "minecraft:recipes/decorations/granite_wall": {
    "criteria": {
      "has_granite": "2024-06-22 23:31:22 -0400"
    },
    "done": true
  },
  "minecraft:recipes/building_blocks/polished_granite_slab_from_granite_stonecutting": {
    "criteria": {
      "has_granite": "2024-06-22 23:31:22 -0400"
    },
    "done": true
  },
  "create:recipes/building_blocks/granite_pillar_from_stone_types_granite_stonecutting": {
    "criteria": {
      "has_stone_types_granite": "2024-06-22 23:31:22 -0400"
    },
    "done": true
  },
  "create:recipes/building_blocks/polished_cut_granite_wall_from_stone_types_granite_stonecutting": {
    "criteria": {
      "has_stone_types_granite": "2024-06-22 23:31:22 -0400"
    },
    "done": true
  },
  "minecraft:recipes/building_blocks/polished_granite_stairs_from_granite_stonecutting": {
    "criteria": {
      "has_granite": "2024-06-22 23:31:22 -0400"
    },
    "done": true
  },
  "create:recipes/building_blocks/cut_granite_brick_wall_from_stone_types_granite_stonecutting": {
    "criteria": {
      "has_stone_types_granite": "2024-06-22 23:31:22 -0400"
    },
    "done": true
  },
  "create:recipes/building_blocks/polished_cut_granite_stairs_from_stone_types_granite_stonecutting": {
    "criteria": {
      "has_stone_types_granite": "2024-06-22 23:31:22 -0400"
    },
    "done": true
  },
  "create:recipes/building_blocks/layered_granite_from_stone_types_granite_stonecutting": {
    "criteria": {
      "has_stone_types_granite": "2024-06-22 23:31:22 -0400"
    },
    "done": true
  },
  "create:recipes/building_blocks/small_granite_brick_wall_from_stone_types_granite_stonecutting": {
    "criteria": {
      "has_stone_types_granite": "2024-06-22 23:31:22 -0400"
    },
    "done": true
  },
  "create:recipes/building_blocks/polished_cut_granite_slab_from_stone_types_granite_stonecutting": {
    "criteria": {
      "has_stone_types_granite": "2024-06-22 23:31:22 -0400"
    },
    "done": true
  },
  "create:recipes/building_blocks/cut_granite_bricks_from_stone_types_granite_stonecutting": {
    "criteria": {
      "has_stone_types_granite": "2024-06-22 23:31:22 -0400"
    },
    "done": true
  },
  "create:recipes/building_blocks/cut_granite_wall_from_stone_types_granite_stonecutting": {
    "criteria": {
      "has_stone_types_granite": "2024-06-22 23:31:22 -0400"
    },
    "done": true
  },
  "create:recipes/building_blocks/small_granite_brick_slab_from_stone_types_granite_stonecutting": {
    "criteria": {
      "has_stone_types_granite": "2024-06-22 23:31:22 -0400"
    },
    "done": true
  },
  "create:recipes/building_blocks/cut_granite_stairs_from_stone_types_granite_stonecutting": {
    "criteria": {
      "has_stone_types_granite": "2024-06-22 23:31:22 -0400"
    },
    "done": true
  },
  "create:recipes/building_blocks/small_granite_bricks_from_stone_types_granite_stonecutting": {
    "criteria": {
      "has_stone_types_granite": "2024-06-22 23:31:22 -0400"
    },
    "done": true
  },
  "minecraft:recipes/building_blocks/polished_granite": {
    "criteria": {
      "has_granite": "2024-06-22 23:31:22 -0400"
    },
    "done": true
  },
  "create:crushing_wheel": {
    "criteria": {
      "0": "2024-06-22 23:39:33 -0400"
    },
    "done": true
  },
  "create:crusher_maxed_0000": {
    "criteria": {
      "0": "2024-06-22 23:39:33 -0400"
    },
    "done": true
  },
  "create:recipes/misc/crafting/kinetics/speedometerfrom_conversion": {
    "criteria": {
      "has_item": "2024-06-22 23:40:39 -0400"
    },
    "done": true
  },
  "create:stressometer": {
    "criteria": {
      "0": "2024-06-22 23:40:41 -0400"
    },
    "done": true
  },
  "createbigcannons:recipes/misc/cannon_builder": {
    "criteria": {
      "has_piston_extension_pole": "2024-06-23 14:15:34 -0400"
    },
    "done": true
  },
  "createbigcannons:recipes/misc/cannon_drill": {
    "criteria": {
      "has_piston_extension_pole": "2024-06-23 14:15:34 -0400"
    },
    "done": true
  },
  "createbigcannons:recipes/misc/cannon_loader": {
    "criteria": {
      "has_piston_extension_pole": "2024-06-23 14:15:34 -0400"
    },
    "done": true
  },
  "minecraft:recipes/building_blocks/light_blue_stained_glass": {
    "criteria": {
      "has_glass": "2024-06-23 14:20:42 -0400"
    },
    "done": true
  },
  "minecraft:recipes/building_blocks/orange_stained_glass": {
    "criteria": {
      "has_glass": "2024-06-23 14:20:42 -0400"
    },
    "done": true
  },
  "minecraft:recipes/building_blocks/pink_stained_glass": {
    "criteria": {
      "has_glass": "2024-06-23 14:20:42 -0400"
    },
    "done": true
  },
  "minecraft:recipes/building_blocks/black_stained_glass": {
    "criteria": {
      "has_glass": "2024-06-23 14:20:42 -0400"
    },
    "done": true
  },
  "minecraft:recipes/building_blocks/gray_stained_glass": {
    "criteria": {
      "has_glass": "2024-06-23 14:20:42 -0400"
    },
    "done": true
  },
  "create:recipes/building_blocks/horizontal_framed_glass_from_glass_colorless_stonecutting": {
    "criteria": {
      "has_glass_colorless": "2024-06-23 14:20:42 -0400"
    },
    "done": true
  },
  "minecraft:recipes/building_blocks/red_stained_glass": {
    "criteria": {
      "has_glass": "2024-06-23 14:20:42 -0400"
    },
    "done": true
  },
  "minecraft:recipes/building_blocks/light_gray_stained_glass": {
    "criteria": {
      "has_glass": "2024-06-23 14:20:42 -0400"
    },
    "done": true
  },
  "create:recipes/building_blocks/framed_glass_from_glass_colorless_stonecutting": {
    "criteria": {
      "has_glass_colorless": "2024-06-23 14:20:42 -0400"
    },
    "done": true
  },
  "minecraft:recipes/building_blocks/cyan_stained_glass": {
    "criteria": {
      "has_glass": "2024-06-23 14:20:42 -0400"
    },
    "done": true
  },
  "create:recipes/building_blocks/vertical_framed_glass_from_glass_colorless_stonecutting": {
    "criteria": {
      "has_glass_colorless": "2024-06-23 14:20:42 -0400"
    },
    "done": true
  },
  "minecraft:recipes/building_blocks/green_stained_glass": {
    "criteria": {
      "has_glass": "2024-06-23 14:20:42 -0400"
    },
    "done": true
  },
  "minecraft:recipes/building_blocks/brown_stained_glass": {
    "criteria": {
      "has_glass": "2024-06-23 14:20:42 -0400"
    },
    "done": true
  },
  "minecraft:recipes/building_blocks/blue_stained_glass": {
    "criteria": {
      "has_glass": "2024-06-23 14:20:42 -0400"
    },
    "done": true
  },
  "minecraft:recipes/building_blocks/lime_stained_glass": {
    "criteria": {
      "has_glass": "2024-06-23 14:20:42 -0400"
    },
    "done": true
  },
  "minecraft:recipes/decorations/glass_pane": {
    "criteria": {
      "has_glass": "2024-06-23 14:20:42 -0400"
    },
    "done": true
  },
  "minecraft:recipes/building_blocks/magenta_stained_glass": {
    "criteria": {
      "has_glass": "2024-06-23 14:20:42 -0400"
    },
    "done": true
  },
  "minecraft:recipes/building_blocks/white_stained_glass": {
    "criteria": {
      "has_glass": "2024-06-23 14:20:42 -0400"
    },
    "done": true
  },
  "minecraft:recipes/brewing/glass_bottle": {
    "criteria": {
      "has_glass": "2024-06-23 14:20:42 -0400"
    },
    "done": true
  },
  "minecraft:recipes/building_blocks/purple_stained_glass": {
    "criteria": {
      "has_glass": "2024-06-23 14:20:42 -0400"
    },
    "done": true
  },
  "minecraft:recipes/building_blocks/yellow_stained_glass": {
    "criteria": {
      "has_glass": "2024-06-23 14:20:42 -0400"
    },
    "done": true
  },
  "create:recipes/building_blocks/tiled_glass_from_glass_colorless_stonecutting": {
    "criteria": {
      "has_glass_colorless": "2024-06-23 14:20:42 -0400"
    },
    "done": true
  },
  "create:belt": {
    "criteria": {
      "0": "2024-06-25 14:58:09 -0400"
    },
    "done": true
  },
  "create:recipes/misc/crafting/kinetics/gearbox": {
    "criteria": {
      "has_item": "2024-06-25 15:08:00 -0400"
    },
    "done": true
  },
  "domum_ornamentum:recipes/tools/brick_extra": {
    "criteria": {
      "has_material": "2024-06-25 15:13:34 -0400"
    },
    "done": true
  },
  "domum_ornamentum:recipes/tools/yellow_brick_extra": {
    "criteria": {
      "has_material": "2024-06-25 15:13:34 -0400"
    },
    "done": true
  },
  "domum_ornamentum:recipes/tools/pink_brick_extra": {
    "criteria": {
      "has_material": "2024-06-25 15:13:34 -0400"
    },
    "done": true
  },
  "domum_ornamentum:recipes/tools/roan_stone_bricks": {
    "criteria": {
      "has_item2_domum_ornamentum_roan_stone_bricks": "2024-06-25 15:13:34 -0400",
      "has_item1_domum_ornamentum_roan_stone_bricks": "2024-06-25 15:13:34 -0400"
    },
    "done": true
  },
  "domum_ornamentum:recipes/tools/light_gray_brick_extra": {
    "criteria": {
      "has_material": "2024-06-25 15:13:34 -0400"
    },
    "done": true
  },
  "domum_ornamentum:recipes/tools/blue_brick_extra": {
    "criteria": {
      "has_material": "2024-06-25 15:13:34 -0400"
    },
    "done": true
  },
  "domum_ornamentum:recipes/tools/green_brick_extra": {
    "criteria": {
      "has_material": "2024-06-25 15:13:34 -0400"
    },
    "done": true
  },
  "domum_ornamentum:recipes/tools/magenta_brick_extra": {
    "criteria": {
      "has_material": "2024-06-25 15:13:34 -0400"
    },
    "done": true
  },
  "minecraft:recipes/building_blocks/bricks": {
    "criteria": {
      "has_brick": "2024-06-25 15:13:34 -0400"
    },
    "done": true
  },
  "domum_ornamentum:recipes/tools/purple_brick_extra": {
    "criteria": {
      "has_material": "2024-06-25 15:13:34 -0400"
    },
    "done": true
  },
  "domum_ornamentum:recipes/tools/cyan_brick_extra": {
    "criteria": {
      "has_material": "2024-06-25 15:13:34 -0400"
    },
    "done": true
  },
  "domum_ornamentum:recipes/tools/black_brick_extra": {
    "criteria": {
      "has_material": "2024-06-25 15:13:34 -0400"
    },
    "done": true
  },
  "farmersdelight:recipes/decorations/skillet": {
    "criteria": {
      "has_brick": "2024-06-25 15:13:34 -0400"
    },
    "done": true
  },
  "minecraft:recipes/decorations/decorated_pot_simple": {
    "criteria": {
      "has_brick": "2024-06-25 15:13:34 -0400"
    },
    "done": true
  },
  "domum_ornamentum:recipes/tools/white_brick_extra": {
    "criteria": {
      "has_material": "2024-06-25 15:13:34 -0400"
    },
    "done": true
  },
  "domum_ornamentum:recipes/tools/light_blue_brick_extra": {
    "criteria": {
      "has_material": "2024-06-25 15:13:34 -0400"
    },
    "done": true
  },
  "domum_ornamentum:recipes/tools/brown_brick_extra": {
    "criteria": {
      "has_material": "2024-06-25 15:13:34 -0400"
    },
    "done": true
  },
  "domum_ornamentum:recipes/tools/gray_brick_extra": {
    "criteria": {
      "has_material": "2024-06-25 15:13:34 -0400"
    },
    "done": true
  },
  "minecraft:recipes/decorations/flower_pot": {
    "criteria": {
      "has_brick": "2024-06-25 15:13:34 -0400"
    },
    "done": true
  },
  "domum_ornamentum:recipes/tools/lime_brick_extra": {
    "criteria": {
      "has_material": "2024-06-25 15:13:34 -0400"
    },
    "done": true
  },
  "domum_ornamentum:recipes/tools/red_brick_extra": {
    "criteria": {
      "has_material": "2024-06-25 15:13:34 -0400"
    },
    "done": true
  },
  "domum_ornamentum:recipes/tools/orange_brick_extra": {
    "criteria": {
      "has_material": "2024-06-25 15:13:34 -0400"
    },
    "done": true
  },
  "farmersdelight:recipes/decorations/dark_oak_cabinet": {
    "criteria": {
      "has_dark_oak_trapdoor": "2024-06-25 15:17:19 -0400"
    },
    "done": true
  },
  "naturescompass:natures_compass": {
    "criteria": {
      "has_recipe": "2024-06-25 15:19:06 -0400"
    },
    "done": true
  },
  "domum_ornamentum:recipes/tools/architectscutter": {
    "criteria": {
      "has_log": "2024-06-25 15:19:06 -0400"
    },
    "done": true
  },
  "naturescompass:natures_compass_log": {
    "criteria": {
      "has_log": "2024-06-25 15:19:06 -0400"
    },
    "done": true
  },
  "naturescompass:natures_compass_sapling": {
    "criteria": {
      "has_recipe": "2024-06-25 15:19:06 -0400"
    },
    "done": true
  },
  "minecraft:recipes/building_blocks/warped_planks": {
    "criteria": {
      "has_logs": "2024-06-25 15:19:06 -0400"
    },
    "done": true
  },
  "immersive_armors:recipes/misc/wooden": {
    "criteria": {
      "has_item": "2024-06-25 15:19:06 -0400"
    },
    "done": true
  },
  "create:recipes/misc/crafting/kinetics/smart_chute": {
    "criteria": {
      "has_item": "2024-07-05 15:32:41 -0400"
    },
    "done": true
  },
  "farmersdelight:main/place_campfire": {
    "criteria": {
      "soul_campfire": "2024-07-05 13:56:32 -0400"
    },
    "done": true
  },
  "minecraft:recipes/transportation/cherry_boat": {
    "criteria": {
      "in_water": "2024-07-05 14:32:51 -0400"
    },
    "done": true
  },
  "minecraft:recipes/transportation/bamboo_raft": {
    "criteria": {
      "in_water": "2024-07-05 14:32:51 -0400"
    },
    "done": true
  },
  "minecraft:recipes/transportation/acacia_boat": {
    "criteria": {
      "in_water": "2024-07-05 14:32:51 -0400"
    },
    "done": true
  },
  "minecraft:recipes/transportation/jungle_boat": {
    "criteria": {
      "in_water": "2024-07-05 14:32:51 -0400"
    },
    "done": true
  },
  "createbigcannons:recipes/misc/basin_foundry_lid": {
    "criteria": {
      "has_basin": "2024-07-05 15:32:38 -0400"
    },
    "done": true
  },
  "minecraft:recipes/transportation/spruce_boat": {
    "criteria": {
      "in_water": "2024-07-05 14:32:51 -0400"
    },
    "done": true
  },
  "minecraft:recipes/transportation/birch_boat": {
    "criteria": {
      "in_water": "2024-07-05 14:32:51 -0400"
    },
    "done": true
  },
  "minecraft:recipes/transportation/oak_boat": {
    "criteria": {
      "in_water": "2024-07-05 14:32:51 -0400"
    },
    "done": true
  },
  "minecraft:recipes/transportation/mangrove_boat": {
    "criteria": {
      "in_water": "2024-07-05 14:32:51 -0400"
    },
    "done": true
  },
  "create:recipes/misc/crafting/appliances/filter_clear": {
    "criteria": {
      "has_item": "2024-07-05 13:55:25 -0400"
    },
    "done": true
  },
  "minecraft:recipes/transportation/dark_oak_boat": {
    "criteria": {
      "in_water": "2024-07-05 14:32:51 -0400"
    },
    "done": true
  },
  "DataVersion": 3465
}