{"stats":{"minecraft:custom":{"minecraft:inspect_hopper":50,"minecraft:open_barrel":5,"minecraft:leave_game":7,"minecraft:time_since_death":323938,"minecraft:time_since_rest":323938,"minecraft:sprint_one_cm":76,"minecraft:walk_one_cm":9603,"minecraft:drop":95,"minecraft:fly_one_cm":3149565,"minecraft:open_chest":42,"minecraft:crouch_one_cm":550,"minecraft:play_time":323938,"minecraft:sneak_time":26338,"minecraft:jump":29,"minecraft:walk_on_water_one_cm":2537,"minecraft:total_world_time":347866},"minecraft:dropped":{"create:basin":1,"minecraft:water_bucket":3,"minecraft:gravel":7,"create:belt_connector":1,"create:brass_funnel":2,"minecraft:soul_sand":386,"create:schematic_table":2,"minecraft:lever":2,"minecraft:iron_nugget":1,"create:stressometer":1,"create:display_board":1,"create:polished_cut_veridium_slab":2,"minecraft:cobblestone":213,"minecraft:clay_ball":256,"create:cogwheel":5,"create:chute":1,"create:filter":3,"minecraft:granite":1,"create:fluid_tank":3,"create:mechanical_pump":2,"create:schematic_and_quill":2,"create:schematic":8,"minecraft:flint_and_steel":1,"minecraft:redstone_lamp":1,"minecraft:soul_campfire":1,"create:fluid_pipe":2,"create:creative_motor":1,"create:sticky_mechanical_piston":2,"create:redstone_link":10,"minecraft:andesite":1,"minecraft:chest":1,"minecraft:redstone_torch":1,"create:piston_extension_pole":1,"minecraft:sand":4,"minecraft:glass":2,"create:mechanical_press":1,"minecraft:quartz":64,"create:display_link":1},"minecraft:picked_up":{"minecraft:clay_ball":28,"create:redstone_link":3,"create:sticky_mechanical_piston":1,"minecraft:redstone_torch":1,"minecraft:soul_sand":384,"create:pulse_extender":1,"create:cogwheel":2,"minecraft:quartz":113,"minecraft:gravel":136,"minecraft:sand":114,"create:filter":3,"minecraft:lever":1,"minecraft:cobblestone":682},"minecraft:used":{"minecraft:water_bucket":28,"minecraft:diorite":1,"create:crushing_wheel":4,"minecraft:flint_and_steel":32,"create:schematic_table":3,"create:item_vault":97,"create:piston_extension_pole":2,"create:pulse_extender":1,"minecraft:chest":77,"create:sticky_mechanical_piston":5,"minecraft:warped_sign":1,"minecraft:soul_campfire":3,"minecraft:dark_oak_trapdoor":8,"create:fluid_tank":15,"create:mechanical_pump":3,"minecraft:soul_sand":1,"minecraft:sand":1,"create:brass_funnel":10,"minecraft:tnt":161,"minecraft:hopper":11,"create:cogwheel":12,"minecraft:granite":1,"create:polished_cut_veridium":171,"create:chute":7,"minecraft:redstone_torch":39,"create:smart_chute":1,"minecraft:glass":44,"minecraft:lever":1,"create:display_link":17,"create:mechanical_press":3,"create:wrench":41,"minecraft:gravel":1,"create:creative_motor":3,"minecraft:stripped_warped_hyphae":27,"sophisticatedstorage:barrel":1,"create:basin":3,"minecraft:redstone_lamp":49,"minecraft:cobblestone":2,"create:stockpile_switch":1,"create:shaft":26,"create:stressometer":1,"minecraft:andesite":1,"create:fluid_pipe":16,"create:display_board":1,"create:redstone_link":27,"create:content_observer":18,"sophisticatedstorage:limited_barrel_1":26,"create:belt_connector":30,"create:polished_cut_veridium_slab":4,"minecraft:green_stained_glass":1}},"DataVersion":3465}